Unnamed: 0	Query	UserId	Len	isPopular	isContainsPromoLead	moduleId	groupId	docName	Snippet	DocNameSnippet	isEtalon	searchType	begDate	versionDate	position	id	anchor	score	MouseRelevant	MouseScore
0	вэд	17718536	1	False	True	16	98850153	Как учесть параллельный импорт	С 4 ноября 2023 года действует новый приказ Минпромторга с перечнем товаров, по которым разрешен параллельный импорт.	Как учесть параллельный импорт. С 4 ноября 2023 года действует новый приказ Минпромторга с перечнем товаров, по которым разрешен параллельный импорт.	True	FixedQuery	1686787200.0	0	1	137532			Правда	0.9286662340164185
1	вэд	17718536	1	False	False	16	383535	Какие документы необходимо оформить при экспорте товаров за пределы ЕАЭС	Чтобы экспортировать товары за пределы ЕАЭС, потребуется внешнеторговый контракт. А если сумма по нему равна эквиваленту 10 млн руб. и больше, то нужно еще и поставить контракт на учет в банке. Как оформить документы и что еще нужно для вывоза – в этой рекомендации.	Какие документы необходимо оформить при экспорте товаров за пределы ЕАЭС. Чтобы экспортировать товары за пределы ЕАЭС, потребуется внешнеторговый контракт. А если сумма по нему равна эквиваленту 10 млн руб. и больше, то нужно еще и поставить контракт на учет в банке. Как оформить документы и что еще нужно для вывоза – в этой рекомендации.	True	FixedQuery	1653955200.0	0	2	128187			Правда	0.9675626754760742
2	вэд	17718536	1	False	False	16	383540	Как рассчитать, уплатить и учесть таможенные сборы и пошлины при экспорте товаров за пределы Таможенного союза	Ставка вывозной таможенной пошлины на буйволиные шкуры с кодом по ТН ВЭД 4101 50 100 0 составляет 200 евро за 1000 кг ( постановление Правительства от 27.11.2021 № 2068 ).	Как рассчитать, уплатить и учесть таможенные сборы и пошлины при экспорте товаров за пределы Таможенного союза. Ставка вывозной таможенной пошлины на буйволиные шкуры с кодом по ТН ВЭД 4101 50 100 0 составляет 200 евро за 1000 кг ( постановление Правительства от 27.11.2021 № 2068 ).	True	FixedQuery	1696118400.0	0	3	141279			Правда	0.9784174561500549
3	аванс	1540600	1	False	False	16	73883	Как выплатить аванс по зарплате	Можно ли не выплачивать аванс по зарплате? Какую конкретно сумму надо начислить и выдать сотруднику за первую половину месяца? Ответы на эти и другие вопросы вы найдете в этой рекомендации.	Как выплатить аванс по зарплате. Можно ли не выплачивать аванс по зарплате? Какую конкретно сумму надо начислить и выдать сотруднику за первую половину месяца? Ответы на эти и другие вопросы вы найдете в этой рекомендации.	True	FixedQuery	1672531200.0	0	1	129812			Правда	0.9512757062911987
4	аванс	1540600	1	False	False	16	74309	Как составить и зарегистрировать счет-фактуру на аванс	Если покупатель перечисляет аванс , продавец выставляет ему счет-фактуру на полученную сумму. После отгрузки продавец примет к вычету НДС с аванса , а покупатель восстановит НДС, принятый к вычету. Когда составлять счет-фактуру на аванс , как его заполнить и зарегистрировать продавцу и покупателю — в рекомендации.	Как составить и зарегистрировать счет-фактуру на аванс. Если покупатель перечисляет аванс , продавец выставляет ему счет-фактуру на полученную сумму. После отгрузки продавец примет к вычету НДС с аванса , а покупатель восстановит НДС, принятый к вычету. Когда составлять счет-фактуру на аванс , как его заполнить и зарегистрировать продавцу и покупателю — в рекомендации.	False	Unknown		0	2	74954		201.83142	Правда	0.9539812207221985
5	аванс	1540600	1	False	False	16	190003	Как учесть НДС с  авансов выданных	Покупатель вправе принять к вычету НДС, перечисленный продавцу, поставщику, исполнителю в составе аванса или частичной оплаты. Принять вычет можно, если соблюден ряд условий, и если покупатель не использует освобождение от уплаты НДС. Подробности — в рекомендации.	Как учесть НДС с  авансов выданных. Покупатель вправе принять к вычету НДС, перечисленный продавцу, поставщику, исполнителю в составе аванса или частичной оплаты. Принять вычет можно, если соблюден ряд условий, и если покупатель не использует освобождение от уплаты НДС. Подробности — в рекомендации.	False	Unknown		0	3	129836		184.79887	Ложь	0.7283007502555847
6	аванс	18439648	1	False	False	16	73883	Как выплатить аванс по зарплате	Можно ли не выплачивать аванс по зарплате? Какую конкретно сумму надо начислить и выдать сотруднику за первую половину месяца? Ответы на эти и другие вопросы вы найдете в этой рекомендации.	Как выплатить аванс по зарплате. Можно ли не выплачивать аванс по зарплате? Какую конкретно сумму надо начислить и выдать сотруднику за первую половину месяца? Ответы на эти и другие вопросы вы найдете в этой рекомендации.	True	FixedQuery	1672531200.0	0	1	129812			Правда	0.9512757062911987
7	аванс	18439648	1	False	False	16	74309	Как составить и зарегистрировать счет-фактуру на аванс	Если покупатель перечисляет аванс , продавец выставляет ему счет-фактуру на полученную сумму. После отгрузки продавец примет к вычету НДС с аванса , а покупатель восстановит НДС, принятый к вычету. Когда составлять счет-фактуру на аванс , как его заполнить и зарегистрировать продавцу и покупателю — в рекомендации.	Как составить и зарегистрировать счет-фактуру на аванс. Если покупатель перечисляет аванс , продавец выставляет ему счет-фактуру на полученную сумму. После отгрузки продавец примет к вычету НДС с аванса , а покупатель восстановит НДС, принятый к вычету. Когда составлять счет-фактуру на аванс , как его заполнить и зарегистрировать продавцу и покупателю — в рекомендации.	False	Unknown		0	2	74954		201.83142	Правда	0.9539812207221985
8	аванс	18439648	1	False	False	16	190003	Как учесть НДС с  авансов выданных	Покупатель вправе принять к вычету НДС, перечисленный продавцу, поставщику, исполнителю в составе аванса или частичной оплаты. Принять вычет можно, если соблюден ряд условий, и если покупатель не использует освобождение от уплаты НДС. Подробности — в рекомендации.	Как учесть НДС с  авансов выданных. Покупатель вправе принять к вычету НДС, перечисленный продавцу, поставщику, исполнителю в составе аванса или частичной оплаты. Принять вычет можно, если соблюден ряд условий, и если покупатель не использует освобождение от уплаты НДС. Подробности — в рекомендации.	False	Unknown		0	3	129836		184.79887	Ложь	0.7283007502555847
9	аванс	21009769	1	False	False	16	73883	Как выплатить аванс по зарплате	Можно ли не выплачивать аванс по зарплате? Какую конкретно сумму надо начислить и выдать сотруднику за первую половину месяца? Ответы на эти и другие вопросы вы найдете в этой рекомендации.	Как выплатить аванс по зарплате. Можно ли не выплачивать аванс по зарплате? Какую конкретно сумму надо начислить и выдать сотруднику за первую половину месяца? Ответы на эти и другие вопросы вы найдете в этой рекомендации.	True	FixedQuery	1672531200.0	0	1	129812			Правда	0.9512757062911987
10	аванс	21009769	1	False	False	16	74309	Как составить и зарегистрировать счет-фактуру на аванс	Если покупатель перечисляет аванс , продавец выставляет ему счет-фактуру на полученную сумму. После отгрузки продавец примет к вычету НДС с аванса , а покупатель восстановит НДС, принятый к вычету. Когда составлять счет-фактуру на аванс , как его заполнить и зарегистрировать продавцу и покупателю — в рекомендации.	Как составить и зарегистрировать счет-фактуру на аванс. Если покупатель перечисляет аванс , продавец выставляет ему счет-фактуру на полученную сумму. После отгрузки продавец примет к вычету НДС с аванса , а покупатель восстановит НДС, принятый к вычету. Когда составлять счет-фактуру на аванс , как его заполнить и зарегистрировать продавцу и покупателю — в рекомендации.	False	Unknown		0	2	74954		201.83142	Правда	0.9539812207221985
11	аванс	21009769	1	False	False	16	190003	Как учесть НДС с  авансов выданных	Покупатель вправе принять к вычету НДС, перечисленный продавцу, поставщику, исполнителю в составе аванса или частичной оплаты. Принять вычет можно, если соблюден ряд условий, и если покупатель не использует освобождение от уплаты НДС. Подробности — в рекомендации.	Как учесть НДС с  авансов выданных. Покупатель вправе принять к вычету НДС, перечисленный продавцу, поставщику, исполнителю в составе аванса или частичной оплаты. Принять вычет можно, если соблюден ряд условий, и если покупатель не использует освобождение от уплаты НДС. Подробности — в рекомендации.	False	Unknown		0	3	129836		184.79887	Ложь	0.7283007502555847
12	формы 6363у	20939270	2	False	False	16	58251568	Система Главбух: формы	В Системе Главбух более 8000 форм и образцов – деклараций, приказов, заявлений, договоров. Все они доступны во вкладке «Формы». Каждый документ вы можете скачать и заполнить на своем компьютере.	Система Главбух: формы. В Системе Главбух более 8000 форм и образцов – деклараций, приказов, заявлений, договоров. Все они доступны во вкладке «Формы». Каждый документ вы можете скачать и заполнить на своем компьютере.	False	Unknown		0	1	42249	bssPhr2	12.950998	Ложь	0.9129270315170288
13	формы 6363у	20939270	2	False	False	16	10972478	Частая ошибка: некорректное сочетание форм	Для каждого отчета утверждены свои обязательные состав и комплектность форм . Если чего-то в наборе не достает, отчет не проходит автопроверку. Посмотреть правильные сочетания форм можно в бесплатном сервисе на сайте ФНС . Выберите налог, документ, которым отчитываетесь, и период. В итоге получите нужную форму, шаблон, формат и состав отчета.	Частая ошибка: некорректное сочетание форм. Для каждого отчета утверждены свои обязательные состав и комплектность форм . Если чего-то в наборе не достает, отчет не проходит автопроверку. Посмотреть правильные сочетания форм можно в бесплатном сервисе на сайте ФНС . Выберите налог, документ, которым отчитываетесь, и период. В итоге получите нужную форму, шаблон, формат и состав отчета.	False	Unknown		0	2	71811	bssPhr6	12.320424	Ложь	0.9517703652381897
14	формы 6363у	20939270	2	False	False	16	396120	Как разработать форму бюджета движения денежных средств	Чтобы оперативно разработать список статей бюджета движения денежных средств, можно преобразовать форму бюджета доходов и расходов компании. Такой подход упростит работу сотрудникам финансовой службы и сделает более очевидным сравнительный анализ показателей доходов и расходов и движения денежных средств.	Как разработать форму бюджета движения денежных средств. Чтобы оперативно разработать список статей бюджета движения денежных средств, можно преобразовать форму бюджета доходов и расходов компании. Такой подход упростит работу сотрудникам финансовой службы и сделает более очевидным сравнительный анализ показателей доходов и расходов и движения денежных средств.	False	Unknown		0	3	65271	bssPhr3	12.181217	Ложь	0.8780227303504944
15	справочник 2024	3759014	2	False	False	16	96246318	Что меняется в работе бухгалтера в 2024  году	В справочнике – перечень изменений в работе бухгалтера с 2024  года. Чтобы вы ничего не пропустили, мы постоянно обновляем таблицу с поправками. Таблица поможет быстро разобраться в новых правилах и как их применять на практике.	Что меняется в работе бухгалтера в 2024  году. В справочнике – перечень изменений в работе бухгалтера с 2024  года. Чтобы вы ничего не пропустили, мы постоянно обновляем таблицу с поправками. Таблица поможет быстро разобраться в новых правилах и как их применять на практике.	False	Unknown		0	1	124151		61.29506	Правда	0.9626345038414001
16	справочник 2024	3759014	2	False	False	16	114155661	Ставки НДПИ по видам полезных ископаемых в  2024 году	В  справочнике  — ставки НДПИ на 2024 год. Коды полезных ископаемых прописаны в приложении 2 к Порядку заполнения декларации по НДПИ, который утвержден приказом ФНС от 20.09.2022 № ЕД-7-3/854. 	Ставки НДПИ по видам полезных ископаемых в  2024 году. В  справочнике  — ставки НДПИ на 2024 год. Коды полезных ископаемых прописаны в приложении 2 к Порядку заполнения декларации по НДПИ, который утвержден приказом ФНС от 20.09.2022 № ЕД-7-3/854. 	False	Unknown		0	2	142113		45.477634	Правда	0.9572821259498596
17	справочник 2024	3759014	2	False	False	16	114109388	Ставки водного налога в  2024 году	Ставки водного налога зависят от целей использования воды и от географического местонахождения источников воды. Налоговые ставки ежегодно индексируют. Справочник ниже поможет определить на 2024 год ставки по водному налогу с повышающими коэффициентами к базовым ставкам.	Ставки водного налога в  2024 году. Ставки водного налога зависят от целей использования воды и от географического местонахождения источников воды. Налоговые ставки ежегодно индексируют. Справочник ниже поможет определить на 2024 год ставки по водному налогу с повышающими коэффициентами к базовым ставкам.	False	Unknown		0	3	142078		37.12858	Ложь	0.9278398752212524
18	робота енс	20995029	2	False	False	16	98842211	Как применять ЕНС	Единый налоговый счет ИФНС открывает сама. На нем учитывают поступления денег от налогоплательщика и совокупную обязанность по налогам и взносам на основе деклараций и расчетов. В рекомендации – как пополнить ЕНС , схема работы и правила возврата переплаты.	Как применять ЕНС. Единый налоговый счет ИФНС открывает сама. На нем учитывают поступления денег от налогоплательщика и совокупную обязанность по налогам и взносам на основе деклараций и расчетов. В рекомендации – как пополнить ЕНС , схема работы и правила возврата переплаты.	False	Unknown		0	1	126808	bssPhr5	31.240414	Правда	0.90933758020401
19	робота енс	20995029	2	False	False	16	113628378	Работа с ЕНС : как настроить процессы во всей бухгалтерии	В рекомендации — как пополнить ЕНС , как инспекция формирует сальдо ЕНС, схема работы с единым налоговым счетом и правила возврата переплаты.	Работа с ЕНС : как настроить процессы во всей бухгалтерии. В рекомендации — как пополнить ЕНС , как инспекция формирует сальдо ЕНС, схема работы с единым налоговым счетом и правила возврата переплаты.	False	Unknown		0	2	141787	bssPhr19	25.449986	Правда	0.9302229285240173
20	робота енс	20995029	2	False	False	16	74512	Как провести сверку ЕНП и ЕНС	Во всех перечисленных случаях начиная со срока уплаты налогов и взносов до даты проведения начисления или внесения денег на ЕНС вам начислят пени. Сумма пеней учитывается в совокупной обязанности со дня учета на едином налоговом счете недоимки, в отношении которой рассчитана данная сумма (до дня ее погашения в порядке очередности).	Как провести сверку ЕНП и ЕНС. Во всех перечисленных случаях начиная со срока уплаты налогов и взносов до даты проведения начисления или внесения денег на ЕНС вам начислят пени. Сумма пеней учитывается в совокупной обязанности со дня учета на едином налоговом счете недоимки, в отношении которой рассчитана данная сумма (до дня ее погашения в порядке очередности).	False	Unknown		0	3	140041	bssPhr163	25.441528	Ложь	0.8622868657112122
21	работа сенс	760945	2	False	False	12	111373443	Как наказать сотрудника, который не  выполняет должностные обязанности	отказ сотрудника без уважительных причин от выполнения трудовых обязанностей в связи с изменением норм труда (ст. 162 ТК);	Как наказать сотрудника, который не  выполняет должностные обязанности. отказ сотрудника без уважительных причин от выполнения трудовых обязанностей в связи с изменением норм труда (ст. 162 ТК);	False	Unknown		0	1	481016	bssPhr54	26.36223	Ложь	0.9149200320243835
22	работа сенс	760945	2	False	False	16	2858718	Особенности трудовой деятельности иностранных граждан в России	Разрешение на работу высококвалифицированные специалисты могут получить для трудовой деятельности как в одном субъекте РФ, так и в нескольких ( п. 12 ст. 13.2 Закона от 25.07.2002 № 115-ФЗ ).	Особенности трудовой деятельности иностранных граждан в России. Разрешение на работу высококвалифицированные специалисты могут получить для трудовой деятельности как в одном субъекте РФ, так и в нескольких ( п. 12 ст. 13.2 Закона от 25.07.2002 № 115-ФЗ ).	False	Unknown		0	2	98852	bssPhr89	20.269989	Ложь	0.9040879607200623
23	работа сенс	760945	2	False	False	16	434886	Особенности трудовой деятельности иностранных граждан в России	Не вправе осуществлять трудовую деятельность вне пределов субъекта РФ, на территории которого ему выдано разрешение на работу ( п. 4.2 ст. 13 Закона от 25 июля 2002 г. № 115-ФЗ ). За исключением случаев, установленных Правительством РФ ( ч. 1 п. 6 ст. 13 Закона от 25 июля 2002 г. № 115-ФЗ , п. 1 приложения к приказу Минздравсоцразвития России от 28 июля 2010 г. № 564н )	Особенности трудовой деятельности иностранных граждан в России. Не вправе осуществлять трудовую деятельность вне пределов субъекта РФ, на территории которого ему выдано разрешение на работу ( п. 4.2 ст. 13 Закона от 25 июля 2002 г. № 115-ФЗ ). За исключением случаев, установленных Правительством РФ ( ч. 1 п. 6 ст. 13 Закона от 25 июля 2002 г. № 115-ФЗ , п. 1 приложения к приказу Минздравсоцразвития России от 28 июля 2010 г. № 564н )	False	Unknown		0	3	90365	bssPhr30	18.89702	Ложь	0.8878907561302185
24	повышение квалификации	17537120	2	False	False	86	78408041	Служебные записки о повышении   квалификации	Когда понадобится документ . Когда нужно обосновать руководству необходимость направить сотрудника на семинар или дополнительное обучение.	Служебные записки о повышении   квалификации. Когда понадобится документ . Когда нужно обосновать руководству необходимость направить сотрудника на семинар или дополнительное обучение.	False	Unknown		0	1	296189		121.06983	Правда	0.9629324078559875
25	повышение квалификации	17537120	2	False	False	86	64647071	Как отражать в СЗВ-СТАЖ обучение и повышение квалификации с отрывом от производства или без за периоды до 2023 года	Повышение квалификации с отрывом от производства выделяйте отдельно. В графах 6 и 7 поставьте даты такой учебы отдельной строкой в пределах отчетного периода. В графе 11 раздела 3 СЗВ-СТАЖ проставьте код КВАЛИФ. Так предусмотрено пунктами 2.3.22.3.3 Порядка и Классификатором (утв. постановлением Правления ПФР от 06.12.2018 № 507п ).	Как отражать в СЗВ-СТАЖ обучение и повышение квалификации с отрывом от производства или без за периоды до 2023 года. Повышение квалификации с отрывом от производства выделяйте отдельно. В графах 6 и 7 поставьте даты такой учебы отдельной строкой в пределах отчетного периода. В графе 11 раздела 3 СЗВ-СТАЖ проставьте код КВАЛИФ. Так предусмотрено пунктами 2.3.22.3.3 Порядка и Классификатором (утв. постановлением Правления ПФР от 06.12.2018 № 507п ).	False	Unknown		0	2	523855		117.11397	Правда	0.9639472365379333
26	повышение квалификации	17537120	2	False	False	86	1627317	Как заполнить раздел « Повышение квалификации » личной карточки сотрудника	Заполняйте этот раздел, если во время работы в вашей организации сотрудник прошел обучение и повысил свою квалификации . Чтобы заполнить раздел Повышение квалификации, укажите сведения о повышении квалификации сотрудника по удостоверению о повышении квалификации. Удостоверение о повышении квалификации сотруднику выдадут после успешного прохождения итоговой аттестации. Такие правила предусмотрены частями 2 , 15 статьи 76 Федерального закона от 29.12.2012 № 273-ФЗ , пунктами 12 , 19 Порядка, утвержденного приказом Минобрнауки от 01.07.2013 № 499 .	Как заполнить раздел « Повышение квалификации » личной карточки сотрудника. Заполняйте этот раздел, если во время работы в вашей организации сотрудник прошел обучение и повысил свою квалификации . Чтобы заполнить раздел Повышение квалификации, укажите сведения о повышении квалификации сотрудника по удостоверению о повышении квалификации. Удостоверение о повышении квалификации сотруднику выдадут после успешного прохождения итоговой аттестации. Такие правила предусмотрены частями 2 , 15 статьи 76 Федерального закона от 29.12.2012 № 273-ФЗ , пунктами 12 , 19 Порядка, утвержденного приказом Минобрнауки от 01.07.2013 № 499 .	False	Unknown		0	3	449056		115.78814	Правда	0.9524239301681519
27	отпуск 2024	16779850	2	False	False	86	101295883	Когда и как утвердить график отпусков на 2024  год	Все работодатели, за исключением отдельных микропредприятий , должны утвердить график отпусков на 2024 год. Срок не позднее чем за две недели до наступления 2024 года. Этот срок выпадает на 17 декабря 2023 года (воскресенье), поэтому безопаснее утвердить график не позднее 15 декабря 2023 года (пятница). Минтруд допускает перенос срока, выпадающего на выходные дни, поэтому можно утвердить график 18 декабря ( ст. 123 ТК , письмо Минтруда от 08.12.2017 № 14-2/ООГ-9399 ).	Когда и как утвердить график отпусков на 2024  год. Все работодатели, за исключением отдельных микропредприятий , должны утвердить график отпусков на 2024 год. Срок не позднее чем за две недели до наступления 2024 года. Этот срок выпадает на 17 декабря 2023 года (воскресенье), поэтому безопаснее утвердить график не позднее 15 декабря 2023 года (пятница). Минтруд допускает перенос срока, выпадающего на выходные дни, поэтому можно утвердить график 18 декабря ( ст. 123 ТК , письмо Минтруда от 08.12.2017 № 14-2/ООГ-9399 ).	False	Unknown		0	1	651428		150.28792	Правда	0.9607241153717041
28	отпуск 2024	16779850	2	False	False	16	88792869	Умный график отпусков – 2024	Таблица позволит спланировать отпуска сотрудников с учетом праздничных дней и увидеть, кого нужно предупредить о начале отпуска в ближайшее время. Вы также сможете проконтролировать, у кого из сотрудников пересекаются отпуска, и автоматически перенести все данные в унифицированную форму.	Умный график отпусков – 2024. Таблица позволит спланировать отпуска сотрудников с учетом праздничных дней и увидеть, кого нужно предупредить о начале отпуска в ближайшее время. Вы также сможете проконтролировать, у кого из сотрудников пересекаются отпуска, и автоматически перенести все данные в унифицированную форму.	False	Unknown		0	2	129271		148.42587	Ложь	0.9433297514915466
29	отпуск 2024	16779850	2	False	False	86	72221577	Когда выгодно брать ежегодный отпуск	Когда максимально выгодно взять отпуск в 2024 году	Когда выгодно брать ежегодный отпуск. Когда максимально выгодно взять отпуск в 2024 году	False	Unknown		0	3	575487	bssPhr13	112.33498	Правда	0.9733167290687561
30	новости ноября	1569109	2	False	False	16	114107710	Главное в ноябре	В обзоре – изменения, которые важно учесть в ноябре . Это новые рекомендации, методички, образцы и самые важные новости , которые повлияют на работу бухгалтера. Информацию мы постоянно обновляем .	Главное в ноябре. В обзоре – изменения, которые важно учесть в ноябре . Это новые рекомендации, методички, образцы и самые важные новости , которые повлияют на работу бухгалтера. Информацию мы постоянно обновляем .	False	Unknown		0	1	142074		53.94318	Правда	0.9765351414680481
31	новости ноября	1569109	2	False	False	184	114504878	Новости для бухгалтера за неделю с 6 по 12  ноября 2023 года 	Главные изменения	Новости для бухгалтера за неделю с 6 по 12  ноября 2023 года . Главные изменения	False	Unknown		0	2	71365		34.269974	Ложь	0.9283290505409241
32	новости ноября	1569109	2	False	False	86	114504721	Праздничный день с 12 июня хотят перенести на 7 ноября	Предлагают отменить праздничный нерабочий день 12 июня День России и ввести новый государственный праздник 7 ноября День Октябрьской Социалистической революции. Такой законопроект внесли в Госдуму.	Праздничный день с 12 июня хотят перенести на 7 ноября. Предлагают отменить праздничный нерабочий день 12 июня День России и ввести новый государственный праздник 7 ноября День Октябрьской Социалистической революции. Такой законопроект внесли в Госдуму.	False	Unknown		0	3	661267	bssPhr133	33.964405	Ложь	0.8996796607971191
33	НОВОСТИ НОЯБРЯ	3112922	2	False	False	16	114107710	Главное в ноябре	В обзоре – изменения, которые важно учесть в ноябре . Это новые рекомендации, методички, образцы и самые важные новости , которые повлияют на работу бухгалтера. Информацию мы постоянно обновляем .	Главное в ноябре. В обзоре – изменения, которые важно учесть в ноябре . Это новые рекомендации, методички, образцы и самые важные новости , которые повлияют на работу бухгалтера. Информацию мы постоянно обновляем .	False	Unknown		0	1	142074		54.113144	Правда	0.9767405390739441
34	НОВОСТИ НОЯБРЯ	3112922	2	False	False	184	114504878	Новости для бухгалтера за неделю с 6 по 12  ноября 2023 года 	Главные изменения	Новости для бухгалтера за неделю с 6 по 12  ноября 2023 года . Главные изменения	False	Unknown		0	2	71365		34.269974	Правда	0.9314353466033936
35	НОВОСТИ НОЯБРЯ	3112922	2	False	False	86	114504721	Праздничный день с 12 июня хотят перенести на 7 ноября	Предлагают отменить праздничный нерабочий день 12 июня День России и ввести новый государственный праздник 7 ноября День Октябрьской Социалистической революции. Такой законопроект внесли в Госдуму.	Праздничный день с 12 июня хотят перенести на 7 ноября. Предлагают отменить праздничный нерабочий день 12 июня День России и ввести новый государственный праздник 7 ноября День Октябрьской Социалистической революции. Такой законопроект внесли в Госдуму.	False	Unknown		0	3	661267	bssPhr133	34.076866	Ложь	0.9128484725952148
36	новости ноября	4257859	2	False	False	16	114107710	Главное в ноябре	В обзоре – изменения, которые важно учесть в ноябре . Это новые рекомендации, методички, образцы и самые важные новости , которые повлияют на работу бухгалтера. Информацию мы постоянно обновляем .	Главное в ноябре. В обзоре – изменения, которые важно учесть в ноябре . Это новые рекомендации, методички, образцы и самые важные новости , которые повлияют на работу бухгалтера. Информацию мы постоянно обновляем .	False	Unknown		0	1	142074		53.94318	Правда	0.9765351414680481
37	новости ноября	4257859	2	False	False	184	114504878	Новости для бухгалтера за неделю с 6 по 12  ноября 2023 года 	Главные изменения	Новости для бухгалтера за неделю с 6 по 12  ноября 2023 года . Главные изменения	False	Unknown		0	2	71365		34.269974	Ложь	0.9283290505409241
38	новости ноября	4257859	2	False	False	86	114504721	Праздничный день с 12 июня хотят перенести на 7 ноября	Предлагают отменить праздничный нерабочий день 12 июня День России и ввести новый государственный праздник 7 ноября День Октябрьской Социалистической революции. Такой законопроект внесли в Госдуму.	Праздничный день с 12 июня хотят перенести на 7 ноября. Предлагают отменить праздничный нерабочий день 12 июня День России и ввести новый государственный праздник 7 ноября День Октябрьской Социалистической революции. Такой законопроект внесли в Госдуму.	False	Unknown		0	3	661267	bssPhr133	33.964405	Ложь	0.8996796607971191
39	ндфл пример	8588099	2	False	False	86	47773309	С каких доходов самозанятый платит НДФЛ	Например , оплата в интересах самозанятого товаров работ, услуг или имущественных прав это доходы в натуральной форме. Такие доходы облагаются НДФЛ ( подп. 1 п. 2 ст. 211 НК , письмо Минфина от 06.10.2022 № 03-04-06/96694 ). В частности, оплата коммунальных услуг, питания, отдыха, обучения.	С каких доходов самозанятый платит НДФЛ. Например , оплата в интересах самозанятого товаров работ, услуг или имущественных прав это доходы в натуральной форме. Такие доходы облагаются НДФЛ ( подп. 1 п. 2 ст. 211 НК , письмо Минфина от 06.10.2022 № 03-04-06/96694 ). В частности, оплата коммунальных услуг, питания, отдыха, обучения.	False	Unknown		0	1	547930	bssPhr305	69.348366	Правда	0.9282180070877075
40	ндфл пример	8588099	2	False	False	86	93275767	Какой штраф за неудержание НДФЛ	Налогового агента оштрафуют только в том случае, если у него была возможность удержать НДФЛ из доходов физлица . Например , если организация выплачивала физлицу только доходы в натуральной форме, удержать НДФЛ она не может. Оштрафовать организацию за неудержанный НДФЛ инспекторы не могут ( п. 4 ст. 226 НК , п. 21 постановления Пленума ВАС от 30.07.2013 № 57 ).	Какой штраф за неудержание НДФЛ. Налогового агента оштрафуют только в том случае, если у него была возможность удержать НДФЛ из доходов физлица . Например , если организация выплачивала физлицу только доходы в натуральной форме, удержать НДФЛ она не может. Оштрафовать организацию за неудержанный НДФЛ инспекторы не могут ( п. 4 ст. 226 НК , п. 21 постановления Пленума ВАС от 30.07.2013 № 57 ).	False	Unknown		0	2	551888	bssPhr45	69.26313	Ложь	0.9160239100456238
41	ндфл пример	8588099	2	False	False	86	1506860	Как разработать форму и заполнить налоговый регистр по НДФЛ –  пример , образец	Типового образца налогового регистра для расчета НДФЛ нет. Поэтому разработайте эту форму самостоятельно. За основу можно взять старую форму 1-НДФЛ . Какие сведение включить в регистр в отдельном разделе . Пример с образцом заполненного регистра смотрите ниже.	Как разработать форму и заполнить налоговый регистр по НДФЛ –  пример , образец. Типового образца налогового регистра для расчета НДФЛ нет. Поэтому разработайте эту форму самостоятельно. За основу можно взять старую форму 1-НДФЛ . Какие сведение включить в регистр в отдельном разделе . Пример с образцом заполненного регистра смотрите ниже.	False	Unknown		0	3	556847		66.31478	Правда	0.9672147631645203
42	ндфл 2024	5725259	2	False	False	86	108250610	Увеличили социальные вычеты по НДФЛ с 2024 года	Максимальный размер социального налогового вычета по расходам на обучение ребенка увеличили с 50 000 до 110 000 руб. Предельный размер социального налогового вычета по расходам на собственное обучение, лечение и покупку лекарств повысили с 120 000 до 150 000 руб. Соответствующие поправки внесли в статью 219 НК . Изменения вступят в силу с 1 января 2024 года.	Увеличили социальные вычеты по НДФЛ с 2024 года. Максимальный размер социального налогового вычета по расходам на обучение ребенка увеличили с 50 000 до 110 000 руб. Предельный размер социального налогового вычета по расходам на собственное обучение, лечение и покупку лекарств повысили с 120 000 до 150 000 руб. Соответствующие поправки внесли в статью 219 НК . Изменения вступят в силу с 1 января 2024 года.	False	Unknown		0	1	602104		139.90216	Ложь	0.8964987397193909
43	ндфл 2024	5725259	2	False	False	86	112153538	Упростили получение социальных вычетов по НДФЛ с 2024 года	С 1 января 2024 года социальные налоговые вычеты по НДФЛ можно получить в упрощенном порядке без сбора подтверждающих документов, заполнения и представления налоговой декларации. Изменения внесли в статьи 219 и 221.1 НК. Новые нормы применяют к расходам, которые возникли с 1 января 2024 года.	Упростили получение социальных вычетов по НДФЛ с 2024 года. С 1 января 2024 года социальные налоговые вычеты по НДФЛ можно получить в упрощенном порядке без сбора подтверждающих документов, заполнения и представления налоговой декларации. Изменения внесли в статьи 219 и 221.1 НК. Новые нормы применяют к расходам, которые возникли с 1 января 2024 года.	False	Unknown		0	2	637924		111.53306	Правда	0.9684011936187744
44	ндфл 2024	5725259	2	False	False	86	114500441	По НДФЛ вводят два обязательных уведомления, новые периоды и сроки уплаты	С 2024 года по НДФЛ будут два обязательных уведомления, новые сроки уплаты. Вводят новые периоды, за которые нужно подавать уведомление и платить НДФЛ. Периоды с 2024 года будут в рамках одного календарного месяца. Закон , вносящий соответствующие поправки в НК, принят Госдумой и направлен в Совет Федерации. Что изменится в материале.	По НДФЛ вводят два обязательных уведомления, новые периоды и сроки уплаты. С 2024 года по НДФЛ будут два обязательных уведомления, новые сроки уплаты. Вводят новые периоды, за которые нужно подавать уведомление и платить НДФЛ. Периоды с 2024 года будут в рамках одного календарного месяца. Закон , вносящий соответствующие поправки в НК, принят Госдумой и направлен в Совет Федерации. Что изменится в материале.	False	Unknown		0	3	660774	bssPhr42	98.26631	Правда	0.9676101207733154
45	НДФЛ 2024	18272915	2	False	False	86	108250610	Увеличили социальные вычеты по НДФЛ с 2024 года	Максимальный размер социального налогового вычета по расходам на обучение ребенка увеличили с 50 000 до 110 000 руб. Предельный размер социального налогового вычета по расходам на собственное обучение, лечение и покупку лекарств повысили с 120 000 до 150 000 руб. Соответствующие поправки внесли в статью 219 НК . Изменения вступят в силу с 1 января 2024 года.	Увеличили социальные вычеты по НДФЛ с 2024 года. Максимальный размер социального налогового вычета по расходам на обучение ребенка увеличили с 50 000 до 110 000 руб. Предельный размер социального налогового вычета по расходам на собственное обучение, лечение и покупку лекарств повысили с 120 000 до 150 000 руб. Соответствующие поправки внесли в статью 219 НК . Изменения вступят в силу с 1 января 2024 года.	False	Unknown		0	1	602104		139.90216	Ложь	0.876452624797821
46	НДФЛ 2024	18272915	2	False	False	86	112153538	Упростили получение социальных вычетов по НДФЛ с 2024 года	С 1 января 2024 года социальные налоговые вычеты по НДФЛ можно получить в упрощенном порядке без сбора подтверждающих документов, заполнения и представления налоговой декларации. Изменения внесли в статьи 219 и 221.1 НК. Новые нормы применяют к расходам, которые возникли с 1 января 2024 года.	Упростили получение социальных вычетов по НДФЛ с 2024 года. С 1 января 2024 года социальные налоговые вычеты по НДФЛ можно получить в упрощенном порядке без сбора подтверждающих документов, заполнения и представления налоговой декларации. Изменения внесли в статьи 219 и 221.1 НК. Новые нормы применяют к расходам, которые возникли с 1 января 2024 года.	False	Unknown		0	2	637924		112.46841	Правда	0.9609009027481079
47	НДФЛ 2024	18272915	2	False	False	86	114500441	По НДФЛ вводят два обязательных уведомления, новые периоды и сроки уплаты	С 2024 года по НДФЛ будут два обязательных уведомления, новые сроки уплаты. Вводят новые периоды, за которые нужно подавать уведомление и платить НДФЛ. Периоды с 2024 года будут в рамках одного календарного месяца. Закон , вносящий соответствующие поправки в НК, принят Госдумой и направлен в Совет Федерации. Что изменится в материале.	По НДФЛ вводят два обязательных уведомления, новые периоды и сроки уплаты. С 2024 года по НДФЛ будут два обязательных уведомления, новые сроки уплаты. Вводят новые периоды, за которые нужно подавать уведомление и платить НДФЛ. Периоды с 2024 года будут в рамках одного календарного месяца. Закон , вносящий соответствующие поправки в НК, принят Госдумой и направлен в Совет Федерации. Что изменится в материале.	False	Unknown		0	3	660774	bssPhr42	96.94413	Правда	0.963916540145874
48	Метод начисления.	20921321	2	False	False	16	74348	Как при расчете налога на прибыль перейти с метода начисления на кассовый метод	В качестве метода учета доходов и расходов при расчете налога на прибыль организация вправе выбрать метод начисления . Выбранный метод действует весь налоговый период, закрепите его в учетной политике для целей налогообложения (ст. 313 НК).	Как при расчете налога на прибыль перейти с метода начисления на кассовый метод. В качестве метода учета доходов и расходов при расчете налога на прибыль организация вправе выбрать метод начисления . Выбранный метод действует весь налоговый период, закрепите его в учетной политике для целей налогообложения (ст. 313 НК).	False	Unknown		0	1	51675		187.00569	Правда	0.9589933156967163
49	Метод начисления.	20921321	2	False	False	16	74347	Как по налогу на прибыль перейти с кассового метода на метод начисления	В силу закона или по собственному желанию компания может перейти с кассового метода на метод начисления . В этом случае она будет считать доходы и расходы в периоде начисления , а не поступления денег. В рекомендации – как рассчитать налоговую базу при переходе и когда такой переход обязателен.	Как по налогу на прибыль перейти с кассового метода на метод начисления. В силу закона или по собственному желанию компания может перейти с кассового метода на метод начисления . В этом случае она будет считать доходы и расходы в периоде начисления , а не поступления денег. В рекомендации – как рассчитать налоговую базу при переходе и когда такой переход обязателен.	False	Unknown		0	2	52055		186.80367	Правда	0.9428877234458923
50	Метод начисления.	20921321	2	False	False	16	74345	Как при расчете налога на прибыль учитывать доходы и расходы методом начисления	Читайте в рекомендации, когда нужно признавать доходы и расходы при методе начисления , смотрите особенности учета прямых и косвенных расходов, требования к документам. Учтите разъяснения об учете доходов и расходов в неоднозначных ситуациях.	Как при расчете налога на прибыль учитывать доходы и расходы методом начисления. Читайте в рекомендации, когда нужно признавать доходы и расходы при методе начисления , смотрите особенности учета прямых и косвенных расходов, требования к документам. Учтите разъяснения об учете доходов и расходов в неоднозначных ситуациях.	False	Unknown		0	3	113959		172.333	Правда	0.9361186623573303
51	измениня ноября	4200538	2	False	False	16	114107710	Главное в ноябре	В 2024 году надо заплатить разовый налог на сверхприбыль. Если с 1 октября до 30 ноября 2023 года перечислить обеспечительный платеж, то налог можно уменьшить вдвое. В рекомендации — сервис, чтобы узнать, надо ли вам платить новый налог, алгоритмы, образцы справок и платежек с комплектом проводок, которые помогут рассчитать, перечислить и учесть налог и обеспечительный платеж.	Главное в ноябре. В 2024 году надо заплатить разовый налог на сверхприбыль. Если с 1 октября до 30 ноября 2023 года перечислить обеспечительный платеж, то налог можно уменьшить вдвое. В рекомендации — сервис, чтобы узнать, надо ли вам платить новый налог, алгоритмы, образцы справок и платежек с комплектом проводок, которые помогут рассчитать, перечислить и учесть налог и обеспечительный платеж.	False	Unknown		0	1	142074	bssPhr13	22.06811	Правда	0.9223249554634094
52	измениня ноября	4200538	2	False	False	16	114497532	Журналы за ноябрь-2023 . Самое интересное и полезное для работы	Еще интересное в номере 21 журнала «Главбух», ноябрь-2023	Журналы за ноябрь-2023 . Самое интересное и полезное для работы. Еще интересное в номере 21 журнала «Главбух», ноябрь-2023	False	Unknown		0	2	142460	bssPhr19	19.187674	Ложь	0.9301714301109314
53	измениня ноября	4200538	2	False	False	86	111997854	Что меняется в работе бухгалтера с  ноября 2023 года	С 1 ноября 2023 года продавцы сельхозпродукции смогут вести расчеты с иностранными покупателями сельхозпродукции через специальные счета, ввели штрафы за навязывание дополнительных товаров, работ и услуг, а с 3 ноября вступят в силу изменения в Законе о банкротстве в той его части, которая касается физических лиц.	Что меняется в работе бухгалтера с  ноября 2023 года. С 1 ноября 2023 года продавцы сельхозпродукции смогут вести расчеты с иностранными покупателями сельхозпродукции через специальные счета, ввели штрафы за навязывание дополнительных товаров, работ и услуг, а с 3 ноября вступят в силу изменения в Законе о банкротстве в той его части, которая касается физических лиц.	False	Unknown		0	3	636229	bssPhr26	14.137891	Правда	0.9595587253570557
54	изменерие ноября	1716839	2	False	False	16	114107710	Главное в ноябре	В 2024 году надо заплатить разовый налог на сверхприбыль. Если с 1 октября до 30 ноября 2023 года перечислить обеспечительный платеж, то налог можно уменьшить вдвое. В рекомендации — сервис, чтобы узнать, надо ли вам платить новый налог, алгоритмы, образцы справок и платежек с комплектом проводок, которые помогут рассчитать, перечислить и учесть налог и обеспечительный платеж.	Главное в ноябре. В 2024 году надо заплатить разовый налог на сверхприбыль. Если с 1 октября до 30 ноября 2023 года перечислить обеспечительный платеж, то налог можно уменьшить вдвое. В рекомендации — сервис, чтобы узнать, надо ли вам платить новый налог, алгоритмы, образцы справок и платежек с комплектом проводок, которые помогут рассчитать, перечислить и учесть налог и обеспечительный платеж.	False	Unknown		0	1	142074	bssPhr13	22.005018	Правда	0.9261136651039124
55	изменерие ноября	1716839	2	False	False	16	114497532	Журналы за ноябрь-2023 . Самое интересное и полезное для работы	Еще интересное в номере 21 журнала «Главбух», ноябрь-2023	Журналы за ноябрь-2023 . Самое интересное и полезное для работы. Еще интересное в номере 21 журнала «Главбух», ноябрь-2023	False	Unknown		0	2	142460	bssPhr19	19.187803	Ложь	0.9385253190994263
56	изменерие ноября	1716839	2	False	False	86	111997854	Что меняется в работе бухгалтера с  ноября 2023 года	С 1 ноября 2023 года продавцы сельхозпродукции смогут вести расчеты с иностранными покупателями сельхозпродукции через специальные счета, ввели штрафы за навязывание дополнительных товаров, работ и услуг, а с 3 ноября вступят в силу изменения в Законе о банкротстве в той его части, которая касается физических лиц.	Что меняется в работе бухгалтера с  ноября 2023 года. С 1 ноября 2023 года продавцы сельхозпродукции смогут вести расчеты с иностранными покупателями сельхозпродукции через специальные счета, ввели штрафы за навязывание дополнительных товаров, работ и услуг, а с 3 ноября вступят в силу изменения в Законе о банкротстве в той его части, которая касается физических лиц.	False	Unknown		0	3	636229	bssPhr26	14.137891	Правда	0.9588689208030701
57	изменения декабря	201948	2	False	False	86	114521924	Что меняется в работе бухгалтера с декабря 2023 года	С 1 декабря 2023 года планируют эксперимент по маркировке косметики и бытовой химии. С 15 декабря вступают в силу два изменения в трудовом и миграционном законодательстве: иностранцев станут принимать на работу вне квоты по новому перечню должностей, вводят новый перечень должностей иностранцев для получения российского гражданства в упрощенном порядке.	Что меняется в работе бухгалтера с декабря 2023 года. С 1 декабря 2023 года планируют эксперимент по маркировке косметики и бытовой химии. С 15 декабря вступают в силу два изменения в трудовом и миграционном законодательстве: иностранцев станут принимать на работу вне квоты по новому перечню должностей, вводят новый перечень должностей иностранцев для получения российского гражданства в упрощенном порядке.	False	Unknown		0	1	663296		65.25995	Правда	0.9570410251617432
58	изменения декабря	201948	2	False	False	184	102396099	Главное в  декабре	В обзоре — изменения , которые важно учесть в  декабре . Это новые рекомендации, методички, образцы и самые важные новости, которые повлияют на работу бухгалтера. Редакция постоянно актуализирует данные в обзоре.	Главное в  декабре. В обзоре — изменения , которые важно учесть в  декабре . Это новые рекомендации, методички, образцы и самые важные новости, которые повлияют на работу бухгалтера. Редакция постоянно актуализирует данные в обзоре.	False	Unknown		0	2	67404		56.883972	Правда	0.968350350856781
59	изменения декабря	201948	2	False	False	16	103599375	Обзор изменений в законодательстве Сахалинской области за декабрь 2022 года	В справочнике представлены последние изменения в законодательстве вашего региона.	Обзор изменений в законодательстве Сахалинской области за декабрь 2022 года. В справочнике представлены последние изменения в законодательстве вашего региона.	False	Unknown		0	3	131312		50.075657	Правда	0.9653642773628235
60	изменение ноябра	21029263	2	False	False	16	28728241	Как зарегистрировать изменения в ЕГРЮЛ и уставе при смене адреса ООО	Зарегистрировать смену адреса можно в один или два этапа – в зависимости от ситуации. Обращаться в налоговую два раза придется, если меняется место нахождения организации. Исключение – когда юрлицо переезжает на адрес руководителя или участника с долей более 50 процентов. Во остальных ситуациях будет достаточно подать заявление один раз. Заявителем всегда будет директор. Для внесения изменений подайте заявление по форме Р13014.	Как зарегистрировать изменения в ЕГРЮЛ и уставе при смене адреса ООО. Зарегистрировать смену адреса можно в один или два этапа – в зависимости от ситуации. Обращаться в налоговую два раза придется, если меняется место нахождения организации. Исключение – когда юрлицо переезжает на адрес руководителя или участника с долей более 50 процентов. Во остальных ситуациях будет достаточно подать заявление один раз. Заявителем всегда будет директор. Для внесения изменений подайте заявление по форме Р13014.	False	Unknown		0	1	74747	bssPhr4	15.144839	Ложь	0.9149952530860901
61	изменение ноябра	21029263	2	False	False	16	252370	Как внести изменения в трудовой договор	Основания для изменения трудового договора	Как внести изменения в трудовой договор. Основания для изменения трудового договора	False	Unknown		0	2	138125	bssPhr3	14.997489	Ложь	0.9425842761993408
62	изменение ноябра	21029263	2	False	False	16	44889800	Как сменить объект по упрощенке	Выбранный объект налогообложения упрощенщик вправе менять ежегодно с начала очередного налогового периода ( п. 2 ст. 346.14 НК ). Для этого нужно подать уведомление .	Как сменить объект по упрощенке. Выбранный объект налогообложения упрощенщик вправе менять ежегодно с начала очередного налогового периода ( п. 2 ст. 346.14 НК ). Для этого нужно подать уведомление .	False	Unknown		0	3	126139	bssPhr7	14.87261	Ложь	0.9542075991630554
63	ИЗМЕНЕНИЕ 2023-2024	417446	2	False	False	86	111357071	Приняли масштабные поправки в НК с 2023 и 2024 года	Президент подписал Закон от 31.07.2023 № 389-ФЗ , который вносит масштабные поправки в НК. Изменения вступают в силу в разные сроки. Ниже основные изменения, которые повлияют на работу большинства компаний и ИП.	Приняли масштабные поправки в НК с 2023 и 2024 года. Президент подписал Закон от 31.07.2023 № 389-ФЗ , который вносит масштабные поправки в НК. Изменения вступают в силу в разные сроки. Ниже основные изменения, которые повлияют на работу большинства компаний и ИП.	False	Unknown		0	1	626734		50.81884	Правда	0.9640381932258606
64	ИЗМЕНЕНИЕ 2023-2024	417446	2	False	False	86	108415619	Какие изменения учесть в работе с реестром контрактов в 2023 – 2024 годах	Когда вносите данные о контрактах в реестр, учитывайте изменения . Новые правила вступают в силу поэтапно. Сроки, с какой даты применять и какую информацию включать, смотрите в таблице.	Какие изменения учесть в работе с реестром контрактов в 2023 – 2024 годах. Когда вносите данные о контрактах в реестр, учитывайте изменения . Новые правила вступают в силу поэтапно. Сроки, с какой даты применять и какую информацию включать, смотрите в таблице.	False	Unknown		0	2	660490		39.0062	Ложь	0.9429904222488403
65	ИЗМЕНЕНИЕ 2023-2024	417446	2	False	False	16	114429422	Обзор изменений в законодательстве Тверской области за октябрь 2023 года	Установили тарифы на питьевую воду и водоотведение МУП «Коммунальные системы Калининского района» для потребителей деревни Андрианово Тверской области Калининского муниципального округа на 2023 — 2024 годы	Обзор изменений в законодательстве Тверской области за октябрь 2023 года. Установили тарифы на питьевую воду и водоотведение МУП «Коммунальные системы Калининского района» для потребителей деревни Андрианово Тверской области Калининского муниципального округа на 2023 — 2024 годы	False	Unknown		0	3	142441	bssPhr9	37.72053	Правда	0.9522683620452881
66	изменеия 2024	1778964	2	False	False	16	88792869	Умный график отпусков – 2024	Таблица позволит спланировать отпуска сотрудников с учетом праздничных дней и увидеть, кого нужно предупредить о начале отпуска в ближайшее время. Вы также сможете проконтролировать, у кого из сотрудников пересекаются отпуска, и автоматически перенести все данные в унифицированную форму.	Умный график отпусков – 2024. Таблица позволит спланировать отпуска сотрудников с учетом праздничных дней и увидеть, кого нужно предупредить о начале отпуска в ближайшее время. Вы также сможете проконтролировать, у кого из сотрудников пересекаются отпуска, и автоматически перенести все данные в унифицированную форму.	False	Unknown		0	1	129271		24.949839	Ложь	0.919488251209259
67	изменеия 2024	1778964	2	False	False	16	114059101	Ставки НДС в  2024 году	Ставки-2024	Ставки НДС в  2024 году. Ставки-2024	False	Unknown		0	2	142040	bssPhr3	20.526154	Правда	0.954046905040741
68	изменеия 2024	1778964	2	False	False	16	114059200	Ставки акцизов в  2024 году	Ставки-2024	Ставки акцизов в  2024 году. Ставки-2024	False	Unknown		0	3	142041	bssPhr3	20.360931	Правда	0.954046905040741
69	закрыть 2023г	3789850	2	False	False	16	218977	Как открыть и закрыть расчетный счет 	1. Организация или ИП открывает новый расчетный счет, при этом старые счета закрывает . В данном случае для вашего контрагента происходит изменение платежных реквизитов, так как старый счет уже не действует. Поэтому во избежание проблем с платежами его необходимо уведомить о новых реквизитах заблаговременно, до момента закрытия старого счета. Уведомление о смене реквизитов и прекращении использования счета крайне важно, так как бывают случаи, при которых контрагенты могут отправить денежные средства по старым реквизитам в банк, у которого отозвана лицензия и она находится в стадии ликвидации. Как последствие – вы не получаете оплату, а ваш контрагент не сможет вернуть уплаченные денежные средства до распределения конкурсной массы в рамках процедуры ликвидации банка.	Как открыть и закрыть расчетный счет . 1. Организация или ИП открывает новый расчетный счет, при этом старые счета закрывает . В данном случае для вашего контрагента происходит изменение платежных реквизитов, так как старый счет уже не действует. Поэтому во избежание проблем с платежами его необходимо уведомить о новых реквизитах заблаговременно, до момента закрытия старого счета. Уведомление о смене реквизитов и прекращении использования счета крайне важно, так как бывают случаи, при которых контрагенты могут отправить денежные средства по старым реквизитам в банк, у которого отозвана лицензия и она находится в стадии ликвидации. Как последствие – вы не получаете оплату, а ваш контрагент не сможет вернуть уплаченные денежные средства до распределения конкурсной массы в рамках процедуры ликвидации банка.	False	Unknown		0	1	130498	bssPhr97	19.41786	Ложь	0.9121149182319641
70	закрыть 2023г	3789850	2	False	False	16	219627	Как открыть и  закрыть валютный счет	Об открытии, закрытии , изменении реквизитов счета за рубежом организация должна сообщить в налоговую инспекцию по месту своего учета. Срок, в течение которого нужно представить сведения в инспекцию, составляет один месяц со дня открытия, закрытия, изменения реквизитов счета. Такой порядок установлен в части 2 статьи 12 Закона от 10.12.2003 № 173-ФЗ.	Как открыть и  закрыть валютный счет. Об открытии, закрытии , изменении реквизитов счета за рубежом организация должна сообщить в налоговую инспекцию по месту своего учета. Срок, в течение которого нужно представить сведения в инспекцию, составляет один месяц со дня открытия, закрытия, изменения реквизитов счета. Такой порядок установлен в части 2 статьи 12 Закона от 10.12.2003 № 173-ФЗ.	False	Unknown		0	2	120325	bssPhr26	18.977533	Ложь	0.8821729421615601
71	закрыть 2023г	3789850	2	False	False	86	114340540	Как получить закрывающие документы	Раздел Закрывающие документы позволяет подписчикам Актиона получить документы для бухгалтерии: счета-фактуры , договоры и акты сверки . Вы можете скачать документы, сформировать акты сверки или заказать доставку оригиналов в разделе, примерный срок доставки две недели. Документы также можно получить в электронном виде через ЭДО.	Как получить закрывающие документы. Раздел Закрывающие документы позволяет подписчикам Актиона получить документы для бухгалтерии: счета-фактуры , договоры и акты сверки . Вы можете скачать документы, сформировать акты сверки или заказать доставку оригиналов в разделе, примерный срок доставки две недели. Документы также можно получить в электронном виде через ЭДО.	False	Unknown		0	3	659510	bssPhr78	15.808976	Ложь	0.9348371624946594
72	даты отпуска	1556119	2	False	False	86	1586543	Какие документы оформить, чтобы перенести даты отпуска сотрудника	Если отпуск переносят по инициативе работодателя, основанием для переноса отпуска будет приказ руководителя . Сотрудника нужно не только ознакомить с таким решением, но и получить его согласие на перенос. Если отпуск переносится по инициативе сотрудника, то основание заявление сотрудника. На заявлении должна быть разрешительная запись, подписи руководителя структурного подразделения и руководителя организации.	Какие документы оформить, чтобы перенести даты отпуска сотрудника. Если отпуск переносят по инициативе работодателя, основанием для переноса отпуска будет приказ руководителя . Сотрудника нужно не только ознакомить с таким решением, но и получить его согласие на перенос. Если отпуск переносится по инициативе сотрудника, то основание заявление сотрудника. На заявлении должна быть разрешительная запись, подписи руководителя структурного подразделения и руководителя организации.	False	Unknown		0	1	623519		117.336975	Ложь	0.9029334783554077
73	даты отпуска	1556119	2	False	False	86	80131781	Как согласовать новую дату отпуска , если многодетный сотрудник берет отпуск вне графика	Согласовать новую дату отпуска с работодателем многодетные сотрудники могут в общем порядке. Чтобы изменить дату отпуска, необходимо попросить заявление у многодетного сотрудника, который имеет право на отпуск в удобное для него время ( ст. 262.2 ТК ). Работодатель не вправе отказать такому работнику в изменении даты начала отпуска.	Как согласовать новую дату отпуска , если многодетный сотрудник берет отпуск вне графика. Согласовать новую дату отпуска с работодателем многодетные сотрудники могут в общем порядке. Чтобы изменить дату отпуска, необходимо попросить заявление у многодетного сотрудника, который имеет право на отпуск в удобное для него время ( ст. 262.2 ТК ). Работодатель не вправе отказать такому работнику в изменении даты начала отпуска.	False	Unknown		0	2	575505		110.63095	Ложь	0.9184750318527222
74	даты отпуска	1556119	2	False	False	86	83077779	Срок отпуска по беременности и родам	Период отпуска по беременности и родам не может превышать периода нетрудоспособности, который указывает врач в таблице ОСВОБОЖДЕНИЕ ОТ РАБОТЫ больничного листа. Точный период нетрудоспособности зависит от факторов: многоплодная или одноплодная беременность, ранние или осложненные роды, а также место проживания женщины (п. 57 , 5960 , 63 Порядка выдачи, утв. приказом Минздрава от 23.11.2021 № 1089н ). Продолжительность отпуска по беременности и родам для каждого случая в справочнике . Сроки продолжительности декретного отпуска для наиболее частых ситуаций в таблице ниже.	Срок отпуска по беременности и родам. Период отпуска по беременности и родам не может превышать периода нетрудоспособности, который указывает врач в таблице ОСВОБОЖДЕНИЕ ОТ РАБОТЫ больничного листа. Точный период нетрудоспособности зависит от факторов: многоплодная или одноплодная беременность, ранние или осложненные роды, а также место проживания женщины (п. 57 , 5960 , 63 Порядка выдачи, утв. приказом Минздрава от 23.11.2021 № 1089н ). Продолжительность отпуска по беременности и родам для каждого случая в справочнике . Сроки продолжительности декретного отпуска для наиболее частых ситуаций в таблице ниже.	False	Unknown		0	3	562713		108.387085	Ложь	0.8768701553344727
75	чек лист нояб	18380945	3	False	False	86	96244741	Чек-листы на текущий месяц	В чек-листе дела, которые важно сделать в этом месяце организациям, ИП и физлицам. Мы расположили все дела, начиная с обязательных для всех до выгодных. Для каждого есть инструкции, справочники и образцы.	Чек-листы на текущий месяц. В чек-листе дела, которые важно сделать в этом месяце организациям, ИП и физлицам. Мы расположили все дела, начиная с обязательных для всех до выгодных. Для каждого есть инструкции, справочники и образцы.	False	Unknown		0	1	476435	bssPhr7	17.789968	Правда	0.9710640907287598
76	чек лист нояб	18380945	3	False	False	16	86424524	Чек-листы на месяц и перечни изменений по годам	Чек-листы	Чек-листы на месяц и перечни изменений по годам. Чек-листы	False	Unknown		0	2	112788	bssPhr4	17.049103	Правда	0.9682973623275757
77	чек лист нояб	18380945	3	False	True	16	26421020	Проверочные листы ГИТ по охране труда (списки контрольных вопросов)	Скачайте проверочные листы , по которым инспекторы проводят плановые проверки предприятий. Формы проверочных листов представлены в соответствии с приказом Роструда от 01.02.2022 № 20 с учетом приказа от 4 ноября 2023 года . Изменения коснулись листов № 8 , 9 , 12 , 21 , 22 , 26 .	Проверочные листы ГИТ по охране труда (списки контрольных вопросов). Скачайте проверочные листы , по которым инспекторы проводят плановые проверки предприятий. Формы проверочных листов представлены в соответствии с приказом Роструда от 01.02.2022 № 20 с учетом приказа от 4 ноября 2023 года . Изменения коснулись листов № 8 , 9 , 12 , 21 , 22 , 26 .	False	Unknown		0	3	142517	bssPhr5	16.756666	Ложь	0.8924717307090759
78	чек лист нояб	18380945	3	False	False	86	96244741	Чек-листы на текущий месяц	В чек-листе дела, которые важно сделать в этом месяце организациям, ИП и физлицам. Мы расположили все дела, начиная с обязательных для всех до выгодных. Для каждого есть инструкции, справочники и образцы.	Чек-листы на текущий месяц. В чек-листе дела, которые важно сделать в этом месяце организациям, ИП и физлицам. Мы расположили все дела, начиная с обязательных для всех до выгодных. Для каждого есть инструкции, справочники и образцы.	False	Unknown		0	1	476435	bssPhr7	17.789968	Правда	0.9710640907287598
79	чек лист нояб	18380945	3	False	False	16	86424524	Чек-листы на месяц и перечни изменений по годам	Чек-листы	Чек-листы на месяц и перечни изменений по годам. Чек-листы	False	Unknown		0	2	112788	bssPhr4	17.049103	Правда	0.9682973623275757
80	чек лист нояб	18380945	3	False	True	16	26421020	Проверочные листы ГИТ по охране труда (списки контрольных вопросов)	Скачайте проверочные листы , по которым инспекторы проводят плановые проверки предприятий. Формы проверочных листов представлены в соответствии с приказом Роструда от 01.02.2022 № 20 с учетом приказа от 4 ноября 2023 года . Изменения коснулись листов № 8 , 9 , 12 , 21 , 22 , 26 .	Проверочные листы ГИТ по охране труда (списки контрольных вопросов). Скачайте проверочные листы , по которым инспекторы проводят плановые проверки предприятий. Формы проверочных листов представлены в соответствии с приказом Роструда от 01.02.2022 № 20 с учетом приказа от 4 ноября 2023 года . Изменения коснулись листов № 8 , 9 , 12 , 21 , 22 , 26 .	False	Unknown		0	3	142517	bssPhr5	16.756666	Ложь	0.8924717307090759
81	Хорошо. Дополнений нет.	19158830	3	False	False	12	104415634	Как дополнить запись об образовании в трудовой книжке, если нет места	Запись об образовании сотрудника вносят в строку Образование титульного листа трудовой книжки. Чтобы дополнить эти сведения, запись о полученном образовании, профессии или специальности сотрудника вносят в строку Образование или любое свободное поле этой строки без зачеркивания предыдущей записи. Запись можно внести над ранее внесенной записью об образовании или под ней ( п. 8 Порядка № 320н ).	Как дополнить запись об образовании в трудовой книжке, если нет места. Запись об образовании сотрудника вносят в строку Образование титульного листа трудовой книжки. Чтобы дополнить эти сведения, запись о полученном образовании, профессии или специальности сотрудника вносят в строку Образование или любое свободное поле этой строки без зачеркивания предыдущей записи. Запись можно внести над ранее внесенной записью об образовании или под ней ( п. 8 Порядка № 320н ).	False	Unknown		0	1	468305	bssPhr503	34.803356	Ложь	0.9368927478790283
82	Хорошо. Дополнений нет.	19158830	3	False	False	16	20766024	Список задач, чтобы изменить жизнь к лучшему	« Не откладывай на завтра то, что можно сделать сегодня!» – отличный девиз для успешных перемен в жизни. Перемены полезны и на работе, и в личной жизни. Идеи для списка задач, чтобы изменить жизнь к лучшему , – в этой рекомендации.	Список задач, чтобы изменить жизнь к лучшему. « Не откладывай на завтра то, что можно сделать сегодня!» – отличный девиз для успешных перемен в жизни. Перемены полезны и на работе, и в личной жизни. Идеи для списка задач, чтобы изменить жизнь к лучшему , – в этой рекомендации.	False	Unknown		0	2	55998	bssPhr1	21.49087	Ложь	0.8937418460845947
83	Хорошо. Дополнений нет.	19158830	3	False	False	16	84341879	Как выплатить и учесть компенсацию за использование личного автомобиля	Нормы НК не содержат требований об обязательном оформлении путевых листов. Чтобы организация могла не удерживать НДФЛ с суммы компенсации, а также учесть эту выплату при расчете налога на прибыль или на УСН, необходимы документы:	Как выплатить и учесть компенсацию за использование личного автомобиля. Нормы НК не содержат требований об обязательном оформлении путевых листов. Чтобы организация могла не удерживать НДФЛ с суммы компенсации, а также учесть эту выплату при расчете налога на прибыль или на УСН, необходимы документы:	False	Unknown		0	3	132195	bssPhr48	21.082735	Ложь	0.8476520776748657
84	учетная политика 2024	1646290	3	False	False	16	113955581	Изменения в  учетной политике на  2024 год: образцы формулировок	В рекомендации – генератор учетной политики и формулировки для бухучета и налогов, которые помогут составить приказ об изменении учетной политики на 2024 год. Готовые образцы приказов упростят переход на новые правила.	Изменения в  учетной политике на  2024 год: образцы формулировок. В рекомендации – генератор учетной политики и формулировки для бухучета и налогов, которые помогут составить приказ об изменении учетной политики на 2024 год. Готовые образцы приказов упростят переход на новые правила.	False	Unknown		0	1	141965		247.55983	Правда	0.9596928358078003
85	учетная политика 2024	1646290	3	False	False	86	113955584	Как составить приказ об изменении учетной политики на  2024 год	Изменения в учетной политике на 2024 год утвердите приказом руководителя. Его можно составить один и для бухгалтерского, и для налогового учета. Приказ датируйте не позднее 31 декабря 2023 года, чтобы он начал действовать с 1 января 2024 года. Приказ с более поздней датой будет действовать только с 2025 года.	Как составить приказ об изменении учетной политики на  2024 год. Изменения в учетной политике на 2024 год утвердите приказом руководителя. Его можно составить один и для бухгалтерского, и для налогового учета. Приказ датируйте не позднее 31 декабря 2023 года, чтобы он начал действовать с 1 января 2024 года. Приказ с более поздней датой будет действовать только с 2025 года.	False	Unknown		0	2	655619		187.74516	Правда	0.9552168250083923
86	учетная политика 2024	1646290	3	False	False	86	109688234	Изменения в  учетной политике на ЕСХН на  2024 год	С 2024 года в главе 26.1 НК нет поправок, которые требовали бы изменений в учетной политике для целей ЕСХН . Но всем организациям, у которых есть нематериальные активы с 2024 года, надо скорректировать учетную политику по бухучету из-за перехода на ФСБУ 14/2022 . Что изменить в учетной политике для бухучета на 2024 год в рекомендации .	Изменения в  учетной политике на ЕСХН на  2024 год. С 2024 года в главе 26.1 НК нет поправок, которые требовали бы изменений в учетной политике для целей ЕСХН . Но всем организациям, у которых есть нематериальные активы с 2024 года, надо скорректировать учетную политику по бухучету из-за перехода на ФСБУ 14/2022 . Что изменить в учетной политике для бухучета на 2024 год в рекомендации .	False	Unknown		0	3	659582		166.76888	Правда	0.9548419117927551
87	Учёт подписных изданий	21115962	3	False	False	12	1475816	Как отразить в бухучете расходы, связанные с подпиской на электронные периодические издания	Во втором случае для целей бухучета нематериальные активы, полученные в пользование, учитываются на забалансовом счете в оценке, установленной договором ( п. 39 ПБУ 14/2007 ). План счетов не предусматривает отдельного забалансового счета для учета нематериальных активов, полученных в пользование. Поэтому организации нужно самостоятельно открыть забалансовый счет и закрепить это в учетной политике для целей бухучета. Например, счет 012 Электронные подписные издания .	Как отразить в бухучете расходы, связанные с подпиской на электронные периодические издания. Во втором случае для целей бухучета нематериальные активы, полученные в пользование, учитываются на забалансовом счете в оценке, установленной договором ( п. 39 ПБУ 14/2007 ). План счетов не предусматривает отдельного забалансового счета для учета нематериальных активов, полученных в пользование. Поэтому организации нужно самостоятельно открыть забалансовый счет и закрепить это в учетной политике для целей бухучета. Например, счет 012 Электронные подписные издания .	False	Unknown		0	1	315150	bssPhr97	91.5936	Правда	0.9654248952865601
88	Учёт подписных изданий	21115962	3	False	False	16	74628	Как списать общепроизводственные и общехозяйственные расходы	Общепроизводственными признают расходы, которые косвенно связаны с производством, а общехозяйственными – расходы по управлению всей организацией. В рекомендации – что относится к общепроизводственным и общехозяйственным расходам, как  учесть в бухучете , как отразить подписку на электронные издания . Также узнаете, как распределять и списывать общие расходы и как их учитывать , если нет деятельности.	Как списать общепроизводственные и общехозяйственные расходы. Общепроизводственными признают расходы, которые косвенно связаны с производством, а общехозяйственными – расходы по управлению всей организацией. В рекомендации – что относится к общепроизводственным и общехозяйственным расходам, как  учесть в бухучете , как отразить подписку на электронные издания . Также узнаете, как распределять и списывать общие расходы и как их учитывать , если нет деятельности.	False	Unknown		0	2	73007		59.09693	Правда	0.9642611145973206
89	Учёт подписных изданий	21115962	3	False	False	16	74408	Как отразить госпошлину в бухучете	Порядок отражения госпошлины на счетах учета затрат зависит от причин, по которым она была уплачена. Подробный порядок учета рассмотрим ниже.	Как отразить госпошлину в бухучете. Порядок отражения госпошлины на счетах учета затрат зависит от причин, по которым она была уплачена. Подробный порядок учета рассмотрим ниже.	False	Unknown		0	3	71364	bssPhr10	36.887913	Ложь	0.8770850300788879
90	тн верное оформление	21112850	3	False	False	12	97724170	Нужно ли в уведомлении об остатках прослеживаемых товаров указывать код ТН ВЭД ЕАЭС	Коды ТН ВЭД ЕАЭС и ОКПД2 указывают в уведомлении об остатках в строках 11 и 12 соответственно. Этим двум реквизитам присвоен признак обязательности НКУ ( табл. 4.10 приложения 11 к приказу ФНС от 08.07.2021 № ЕД-7-15-645 ).	Нужно ли в уведомлении об остатках прослеживаемых товаров указывать код ТН ВЭД ЕАЭС. Коды ТН ВЭД ЕАЭС и ОКПД2 указывают в уведомлении об остатках в строках 11 и 12 соответственно. Этим двум реквизитам присвоен признак обязательности НКУ ( табл. 4.10 приложения 11 к приказу ФНС от 08.07.2021 № ЕД-7-15-645 ).	False	Unknown		0	1	491497	bssPhr373	28.836893	Ложь	0.8686684370040894
91	тн верное оформление	21112850	3	False	False	86	3179951	Как правильно оформляют дубликат листка нетрудоспособности (больничного)	Взамен испорченного бланка медучреждение оформляет на бумажном носителе или направляет сведения в СФР на дубликат в электронном виде листка нетрудоспособности. Дубликат больничного листка может быть выдан только на основании решения врачебной комиссии. Бумажный дубликат должен быть подписан председатель врачебной комиссии, электронной усиленной квалифицированной электронной подписью председателя врачебной комиссии медицинской организации (п. 67 , 76 Условий и порядка, утв. приказом Минздрава от 23.11.2021 № 1089н ).	Как правильно оформляют дубликат листка нетрудоспособности (больничного). Взамен испорченного бланка медучреждение оформляет на бумажном носителе или направляет сведения в СФР на дубликат в электронном виде листка нетрудоспособности. Дубликат больничного листка может быть выдан только на основании решения врачебной комиссии. Бумажный дубликат должен быть подписан председатель врачебной комиссии, электронной усиленной квалифицированной электронной подписью председателя врачебной комиссии медицинской организации (п. 67 , 76 Условий и порядка, утв. приказом Минздрава от 23.11.2021 № 1089н ).	False	Unknown		0	2	555076	bssPhr178	27.61738	Правда	0.9550310373306274
92	тн верное оформление	21112850	3	False	False	86	66439510	Как правильно оформить сотрудникам простой из-за кризиса	1. Особенности оформления кадровых документов о простое и отражения в отчетности сотрудников в простое	Как правильно оформить сотрудникам простой из-за кризиса. 1. Особенности оформления кадровых документов о простое и отражения в отчетности сотрудников в простое	False	Unknown		0	3	573829	bssPhr172	27.390497	Ложь	0.9146401286125183
93	срок выплаты командировочных	3224990	3	False	False	16	74047	Как оплатить пребывание в командировке штатного сотрудника	Если у сотрудника разъездной характер работы, в таком случае служебные поездки нельзя назвать командировками . Это поездки, связанные с основной работой сотрудника. Командировка – это разовая поездка на определенный срок , в которой он выполняет служебное поручение вне места постоянной работы. Оплачивать поездки, связанные с разъездным характером работы, нужно по правилам статьи 168.1 ТК. Кроме того, условие о разъездном характере работы должно быть в трудовом договоре. Это следует из абзаца 8 части 2 статьи 57 и статьи 168.1 ТК.	Как оплатить пребывание в командировке штатного сотрудника. Если у сотрудника разъездной характер работы, в таком случае служебные поездки нельзя назвать командировками . Это поездки, связанные с основной работой сотрудника. Командировка – это разовая поездка на определенный срок , в которой он выполняет служебное поручение вне места постоянной работы. Оплачивать поездки, связанные с разъездным характером работы, нужно по правилам статьи 168.1 ТК. Кроме того, условие о разъездном характере работы должно быть в трудовом договоре. Это следует из абзаца 8 части 2 статьи 57 и статьи 168.1 ТК.	False	Unknown		0	1	133197	bssPhr13	110.16429	Ложь	0.8863441944122314
94	срок выплаты командировочных	3224990	3	False	False	16	74050	Как оформить и выплатить суточные по командировке	Ведь может сложиться ситуация, когда по приказу учреждение обязано выплатить суточные в увеличенном размере, а по факту на это нет средств, например нет доходов от платной деятельности. Давать распоряжение на выплату суточных в повышенном размере за счет данных источников целесообразно отдельными приказами по каждой командировке .	Как оформить и выплатить суточные по командировке. Ведь может сложиться ситуация, когда по приказу учреждение обязано выплатить суточные в увеличенном размере, а по факту на это нет средств, например нет доходов от платной деятельности. Давать распоряжение на выплату суточных в повышенном размере за счет данных источников целесообразно отдельными приказами по каждой командировке .	False	Unknown		0	2	128440	bssPhr22	81.514725	Ложь	0.8958566188812256
95	срок выплаты командировочных	3224990	3	False	False	86	10972454	В какой момент нужно удержать НДФЛ с суммы сверхнормативных суточных, выплаченной командированному сотруднику	Допустим, организация выплатила сотруднику сверхнормативные суточные . Тогда у сотрудника возникает доход для целей НДФЛ. Доход признается на последний день месяца, в котором утвержден авансовый отчет , после возвращения сотрудника из командировки . Так предусмотрено подпунктом 6 пункта 1 статьи 223 НК.	В какой момент нужно удержать НДФЛ с суммы сверхнормативных суточных, выплаченной командированному сотруднику. Допустим, организация выплатила сотруднику сверхнормативные суточные . Тогда у сотрудника возникает доход для целей НДФЛ. Доход признается на последний день месяца, в котором утвержден авансовый отчет , после возвращения сотрудника из командировки . Так предусмотрено подпунктом 6 пункта 1 статьи 223 НК.	False	Unknown		0	3	545614		79.30842	Правда	0.9112743139266968
96	Спасибо Вам большое!	2754921	3	False	False	86	59368920	Как пояснить высокий удельный вес вычетов по НДС	Когда доля вычетов превышает пороговое значение либо среднюю долю по региону, но вы не готовы пояснять расхождения, вы вправе подать уточненную декларацию . Вычеты можно перенести на более поздние кварталы или заявлять их частями . Проверьте право на перенос, так как не все вычеты можно отложить, вычет можно перенести на срок не более трех лет.	Как пояснить высокий удельный вес вычетов по НДС. Когда доля вычетов превышает пороговое значение либо среднюю долю по региону, но вы не готовы пояснять расхождения, вы вправе подать уточненную декларацию . Вычеты можно перенести на более поздние кварталы или заявлять их частями . Проверьте право на перенос, так как не все вычеты можно отложить, вычет можно перенести на срок не более трех лет.	False	Unknown		0	1	556838	bssPhr62	47.333096	Ложь	0.8318913578987122
97	Спасибо Вам большое!	2754921	3	False	False	86	71799008	Какие документы и копии документов нельзя хранить в личном деле	Чтобы избежать штрафа, храните копии документов, пока не достигли цели, для которой их снимали. Документы, которые вам больше не нужны, унич тожьте. Например, если в деле осталась копия справки о рождении ребенка, а пособие уже выплатили. Срок 30 дней с даты, когда достигли цели обработки данных (информация Роскомнадзора от 25.09.2015 ).	Какие документы и копии документов нельзя хранить в личном деле. Чтобы избежать штрафа, храните копии документов, пока не достигли цели, для которой их снимали. Документы, которые вам больше не нужны, унич тожьте. Например, если в деле осталась копия справки о рождении ребенка, а пособие уже выплатили. Срок 30 дней с даты, когда достигли цели обработки данных (информация Роскомнадзора от 25.09.2015 ).	False	Unknown		0	2	644867	bssPhr78	36.472057	Ложь	0.9008983969688416
98	Спасибо Вам большое!	2754921	3	False	False	16	98028414	Как выбрать распорядок дня и успевать вдвое больше	Все изменилось, когда я узнал о теории американского ученого Майкла Бреуса. Его подход позволяет каждому человеку узнать свой хронотип и понять, чем ему лучше заниматься в определенное время суток. Я попробовал: построил расписание на день, которое соотносится с моими биологическими часами. Теперь успеваю сделать даже больше , чем запланировал, и при этом почти не устаю. Узнайте, какое расписание поможет вам без труда успевать вдвое больше каждый день.	Как выбрать распорядок дня и успевать вдвое больше. Все изменилось, когда я узнал о теории американского ученого Майкла Бреуса. Его подход позволяет каждому человеку узнать свой хронотип и понять, чем ему лучше заниматься в определенное время суток. Я попробовал: построил расписание на день, которое соотносится с моими биологическими часами. Теперь успеваю сделать даже больше , чем запланировал, и при этом почти не устаю. Узнайте, какое расписание поможет вам без труда успевать вдвое больше каждый день.	False	Unknown		0	3	125131	bssPhr4	34.881195	Ложь	0.8550254106521606
99	работа с 1с	2721211	3	False	False	16	102656970	« 1С »: рекомендации и кейсы компаний из журналов Системы	В сборнике – актуальные статьи о практике использования платформы « 1С » в компаниях. Рекомендации о работе в « 1С » регулярно публикуют журналы «Главбух» и «Финансовый директор». Для вашего удобства мы собрали самые свежие статьи по использованию « 1С » для разных целей и примеры успешных кейсов коллег в одном сборнике.	« 1С »: рекомендации и кейсы компаний из журналов Системы. В сборнике – актуальные статьи о практике использования платформы « 1С » в компаниях. Рекомендации о работе в « 1С » регулярно публикуют журналы «Главбух» и «Финансовый директор». Для вашего удобства мы собрали самые свежие статьи по использованию « 1С » для разных целей и примеры успешных кейсов коллег в одном сборнике.	False	Unknown		0	1	129887		143.52422	Правда	0.9608449935913086
